Workbook

Sheet Photos
A1: טבלת מחקר: מה אני ספרתי מול מה המכונה זיהתה
A2: צהוב = את/ה ממלא/ת (ספירה אמיתית מהתמונה המקורית). אפור = החלק של המכונה (ימולא מהפלט של התוכנית). כחול = נוסחאות, לא לגעת. דוגמה למילוי בגיליון 'How to fill'.
A4: פרטי התמונה | E4: אני (ספירה אמיתית) | H4: המכונה | L4: השוואה (נוסחאות)
A5: מזהה | B5: קובץ תמונה | C5: קטגוריה | D5: תמונת תוצאה | E5: מטבעות אמיתיים בתמונה | F5: עצמים עגולים שאינם מטבע בתמונה | G5: הערות | H5: מטבעות שהמכונה ספרה | I5: זיהוי שגוי: לא-מטבע שנספר כמטבע (FP) | J5: מטבעות שהמכונה פספסה (FN) | K5: סוג הזיהויים השגויים | L5: טעות בספירה (מכונה − אמת) | M5: זיהויים נכונים (TP) | N5: Precision | O5: Recall
A6: P01 | B6: WhatsApp Image 2026-09-01 at 12.48.25 (1).jpeg | C6: clean | D6: פתח | E6: 14 | F6: 0 | H6: 14 | I6: 0 | J6: 0 | L6: =IF(OR(E6="",H6=""),"",H6-E6) -> 0 | M6: =IF(OR(H6="",I6=""),"",H6-I6) -> 14 | N6: =IF(OR(M6="",H6=""),"",IFERROR(M6/H6,"")) -> 1 | O6: =IF(OR(M6="",E6=""),"",IFERROR(M6/E6,"")) -> 1
A7: P02 | B7: WhatsApp Image 2026-09-01 at 12.48.26.jpeg | C7: clean | D7: פתח | E7: 9 | F7: 0 | H7: 10 | I7: 1 | J7: 0 | K7: קפל ×1 | L7: =IF(OR(E7="",H7=""),"",H7-E7) -> 1 | M7: =IF(OR(H7="",I7=""),"",H7-I7) -> 9 | N7: =IF(OR(M7="",H7=""),"",IFERROR(M7/H7,"")) -> 0.9 | O7: =IF(OR(M7="",E7=""),"",IFERROR(M7/E7,"")) -> 1
A8: P03 | B8: WhatsApp Image 2026-09-01 at 12.48.26 (1).jpeg | C8: clean | D8: פתח | E8: 7 | F8: 0 | H8: 7 | I8: 0 | J8: 0 | L8: =IF(OR(E8="",H8=""),"",H8-E8) -> 0 | M8: =IF(OR(H8="",I8=""),"",H8-I8) -> 7 | N8: =IF(OR(M8="",H8=""),"",IFERROR(M8/H8,"")) -> 1 | O8: =IF(OR(M8="",E8=""),"",IFERROR(M8/E8,"")) -> 1
A9: P04 | B9: WhatsApp Image 2026-09-01 at 12.48.26 (2).jpeg | C9: clean | D9: פתח | E9: 14 | F9: 0 | H9: 14 | I9: 0 | J9: 0 | L9: =IF(OR(E9="",H9=""),"",H9-E9) -> 0 | M9: =IF(OR(H9="",I9=""),"",H9-I9) -> 14 | N9: =IF(OR(M9="",H9=""),"",IFERROR(M9/H9,"")) -> 1 | O9: =IF(OR(M9="",E9=""),"",IFERROR(M9/E9,"")) -> 1
A10: P05 | B10: WhatsApp Image 2026-09-01 at 12.48.26 (3).jpeg | C10: clean | D10: פתח | E10: 14 | F10: 0 | H10: 14 | I10: 0 | J10: 0 | L10: =IF(OR(E10="",H10=""),"",H10-E10) -> 0 | M10: =IF(OR(H10="",I10=""),"",H10-I10) -> 14 | N10: =IF(OR(M10="",H10=""),"",IFERROR(M10/H10,"")) -> 1 | O10: =IF(OR(M10="",E10=""),"",IFERROR(M10/E10,"")) -> 1
A11: P06 | B11: WhatsApp Image 2026-09-01 at 12.48.26 (4).jpeg | C11: clean | D11: פתח | E11: 14 | F11: 0 | H11: 14 | I11: 0 | J11: 0 | L11: =IF(OR(E11="",H11=""),"",H11-E11) -> 0 | M11: =IF(OR(H11="",I11=""),"",H11-I11) -> 14 | N11: =IF(OR(M11="",H11=""),"",IFERROR(M11/H11,"")) -> 1 | O11: =IF(OR(M11="",E11=""),"",IFERROR(M11/E11,"")) -> 1
A12: P07 | B12: WhatsApp Image 2026-09-01 at 12.48.26 (5).jpeg | C12: clean | D12: פתח | E12: 14 | F12: 0 | H12: 14 | I12: 0 | J12: 0 | L12: =IF(OR(E12="",H12=""),"",H12-E12) -> 0 | M12: =IF(OR(H12="",I12=""),"",H12-I12) -> 14 | N12: =IF(OR(M12="",H12=""),"",IFERROR(M12/H12,"")) -> 1 | O12: =IF(OR(M12="",E12=""),"",IFERROR(M12/E12,"")) -> 1
A13: P08 | B13: WhatsApp Image 2026-09-01 at 12.48.26 (7).jpeg | C13: clean | D13: פתח | E13: 12 | F13: 0 | H13: 12 | I13: 0 | J13: 0 | L13: =IF(OR(E13="",H13=""),"",H13-E13) -> 0 | M13: =IF(OR(H13="",I13=""),"",H13-I13) -> 12 | N13: =IF(OR(M13="",H13=""),"",IFERROR(M13/H13,"")) -> 1 | O13: =IF(OR(M13="",E13=""),"",IFERROR(M13/E13,"")) -> 1
A14: P09 | B14: WhatsApp Image 2026-09-01 at 12.48.26 (10).jpeg | C14: noisy | D14: פתח | E14: 13 | F14: 0 | H14: 12 | I14: 0 | J14: 1 | L14: =IF(OR(E14="",H14=""),"",H14-E14) -> -1 | M14: =IF(OR(H14="",I14=""),"",H14-I14) -> 12 | N14: =IF(OR(M14="",H14=""),"",IFERROR(M14/H14,"")) -> 1 | O14: =IF(OR(M14="",E14=""),"",IFERROR(M14/E14,"")) -> 0.92307692
A15: P10 | B15: WhatsApp Image 2026-09-01 at 12.48.26 (11).jpeg | C15: noisy | D15: פתח | E15: 13 | F15: 0 | H15: 13 | I15: 2 | J15: 2 | K15: רקע/קפל ×2 | L15: =IF(OR(E15="",H15=""),"",H15-E15) -> 0 | M15: =IF(OR(H15="",I15=""),"",H15-I15) -> 11 | N15: =IF(OR(M15="",H15=""),"",IFERROR(M15/H15,"")) -> 0.84615385 | O15: =IF(OR(M15="",E15=""),"",IFERROR(M15/E15,"")) -> 0.84615385
A16: P11 | B16: WhatsApp Image 2026-09-01 at 12.48.26 (12).jpeg | C16: noisy | D16: פתח | E16: 13 | F16: 0 | H16: 14 | I16: 1 | J16: 0 | K16: קפל ×1 | L16: =IF(OR(E16="",H16=""),"",H16-E16) -> 1 | M16: =IF(OR(H16="",I16=""),"",H16-I16) -> 13 | N16: =IF(OR(M16="",H16=""),"",IFERROR(M16/H16,"")) -> 0.92857143 | O16: =IF(OR(M16="",E16=""),"",IFERROR(M16/E16,"")) -> 1
A17: P12 | B17: WhatsApp Image 2026-09-01 at 12.48.26 (13).jpeg | C17: noisy | D17: פתח | E17: 12 | F17: 0 | H17: 13 | I17: 1 | J17: 0 | K17: רקע ×1 | L17: =IF(OR(E17="",H17=""),"",H17-E17) -> 1 | M17: =IF(OR(H17="",I17=""),"",H17-I17) -> 12 | N17: =IF(OR(M17="",H17=""),"",IFERROR(M17/H17,"")) -> 0.92307692 | O17: =IF(OR(M17="",E17=""),"",IFERROR(M17/E17,"")) -> 1
A18: P13 | B18: WhatsApp Image 2026-09-01 at 12.48.26 (14).jpeg | C18: noisy | D18: פתח | E18: 12 | F18: 0 | H18: 13 | I18: 3 | J18: 2 | K18: רקע/קפל ×3 | L18: =IF(OR(E18="",H18=""),"",H18-E18) -> 1 | M18: =IF(OR(H18="",I18=""),"",H18-I18) -> 10 | N18: =IF(OR(M18="",H18=""),"",IFERROR(M18/H18,"")) -> 0.76923077 | O18: =IF(OR(M18="",E18=""),"",IFERROR(M18/E18,"")) -> 0.83333333
A19: P14 | B19: WhatsApp Image 2026-09-01 at 12.48.26 (15).jpeg | C19: noisy | D19: פתח | E19: 12 | F19: 0 | H19: 22 | I19: 12 | J19: 2 | K19: טשטוש: מטבע כפול ×7, רקע ×5 | L19: =IF(OR(E19="",H19=""),"",H19-E19) -> 10 | M19: =IF(OR(H19="",I19=""),"",H19-I19) -> 10 | N19: =IF(OR(M19="",H19=""),"",IFERROR(M19/H19,"")) -> 0.45454545 | O19: =IF(OR(M19="",E19=""),"",IFERROR(M19/E19,"")) -> 0.83333333
A20: P15 | B20: WhatsApp Image 2026-09-01 at 12.48.26 (16).jpeg | C20: noisy | D20: פתח | E20: 12 | F20: 0 | H20: 12 | I20: 1 | J20: 1 | K20: רקע ×1 | L20: =IF(OR(E20="",H20=""),"",H20-E20) -> 0 | M20: =IF(OR(H20="",I20=""),"",H20-I20) -> 11 | N20: =IF(OR(M20="",H20=""),"",IFERROR(M20/H20,"")) -> 0.91666667 | O20: =IF(OR(M20="",E20=""),"",IFERROR(M20/E20,"")) -> 0.91666667
A21: P16 | B21: WhatsApp Image 2026-09-01 at 12.48.26 (17).jpeg | C21: noisy | D21: פתח | E21: 12 | F21: 0 | H21: 14 | I21: 3 | J21: 1 | K21: רקע/קפל ×3 | L21: =IF(OR(E21="",H21=""),"",H21-E21) -> 2 | M21: =IF(OR(H21="",I21=""),"",H21-I21) -> 11 | N21: =IF(OR(M21="",H21=""),"",IFERROR(M21/H21,"")) -> 0.78571429 | O21: =IF(OR(M21="",E21=""),"",IFERROR(M21/E21,"")) -> 0.91666667
A22: P17 | B22: WhatsApp Image 2026-09-01 at 12.48.26 (8).jpeg | C22: noisy | D22: פתח | E22: 14 | F22: 0 | H22: 15 | I22: 1 | J22: 0 | K22: טשטוש: מטבע כפול ×1 | L22: =IF(OR(E22="",H22=""),"",H22-E22) -> 1 | M22: =IF(OR(H22="",I22=""),"",H22-I22) -> 14 | N22: =IF(OR(M22="",H22=""),"",IFERROR(M22/H22,"")) -> 0.93333333 | O22: =IF(OR(M22="",E22=""),"",IFERROR(M22/E22,"")) -> 1
A23: P18 | B23: WhatsApp Image 2026-09-01 at 12.48.26 (9).jpeg | C23: noisy | D23: פתח | E23: 14 | F23: 0 | H23: 14 | I23: 2 | J23: 2 | K23: קפל ×2 | L23: =IF(OR(E23="",H23=""),"",H23-E23) -> 0 | M23: =IF(OR(H23="",I23=""),"",H23-I23) -> 12 | N23: =IF(OR(M23="",H23=""),"",IFERROR(M23/H23,"")) -> 0.85714286 | O23: =IF(OR(M23="",E23=""),"",IFERROR(M23/E23,"")) -> 0.85714286
A24: P19 | B24: WhatsApp Image 2026-09-01 at 12.48.25.jpeg | C24: damaged | D24: פתח | E24: 14 | F24: 0 | H24: 10 | I24: 0 | J24: 4 | L24: =IF(OR(E24="",H24=""),"",H24-E24) -> -4 | M24: =IF(OR(H24="",I24=""),"",H24-I24) -> 10 | N24: =IF(OR(M24="",H24=""),"",IFERROR(M24/H24,"")) -> 1 | O24: =IF(OR(M24="",E24=""),"",IFERROR(M24/E24,"")) -> 0.71428571
A25: P20 | B25: WhatsApp Image 2026-09-01 at 12.48.26 (18).jpeg | C25: damaged | D25: פתח | E25: 14 | F25: 4 | H25: 17 | I25: 3 | J25: 0 | K25: קצה המשטח ×2, כפתור אפור ×1 | L25: =IF(OR(E25="",H25=""),"",H25-E25) -> 3 | M25: =IF(OR(H25="",I25=""),"",H25-I25) -> 14 | N25: =IF(OR(M25="",H25=""),"",IFERROR(M25/H25,"")) -> 0.82352941 | O25: =IF(OR(M25="",E25=""),"",IFERROR(M25/E25,"")) -> 1
A26: P21 | B26: WhatsApp Image 2026-09-01 at 12.48.26 (19).jpeg | C26: damaged | D26: פתח | E26: 9 | F26: 4 | H26: 9 | I26: 2 | J26: 2 | K26: רקע ×1, קצה המשטח ×1 | L26: =IF(OR(E26="",H26=""),"",H26-E26) -> 0 | M26: =IF(OR(H26="",I26=""),"",H26-I26) -> 7 | N26: =IF(OR(M26="",H26=""),"",IFERROR(M26/H26,"")) -> 0.77777778 | O26: =IF(OR(M26="",E26=""),"",IFERROR(M26/E26,"")) -> 0.77777778
A27: P22 | B27: WhatsApp Image 2026-09-01 at 12.48.26 (20).jpeg | C27: damaged | D27: פתח | E27: 13 | F27: 4 | H27: 9 | I27: 1 | J27: 5 | K27: כפתור אפור ×1 | L27: =IF(OR(E27="",H27=""),"",H27-E27) -> -4 | M27: =IF(OR(H27="",I27=""),"",H27-I27) -> 8 | N27: =IF(OR(M27="",H27=""),"",IFERROR(M27/H27,"")) -> 0.88888889 | O27: =IF(OR(M27="",E27=""),"",IFERROR(M27/E27,"")) -> 0.61538462
A28: P23 | B28: WhatsApp Image 2026-09-01 at 12.48.26 (21).jpeg | C28: damaged | D28: פתח | E28: 14 | F28: 0 | H28: 12 | I28: 1 | J28: 3 | K28: קצה המשטח ×1 | L28: =IF(OR(E28="",H28=""),"",H28-E28) -> -2 | M28: =IF(OR(H28="",I28=""),"",H28-I28) -> 11 | N28: =IF(OR(M28="",H28=""),"",IFERROR(M28/H28,"")) -> 0.91666667 | O28: =IF(OR(M28="",E28=""),"",IFERROR(M28/E28,"")) -> 0.78571429
A29: P24 | B29: WhatsApp Image 2026-09-01 at 12.48.26 (22).jpeg | C29: damaged | D29: פתח | E29: 14 | F29: 0 | H29: 14 | I29: 3 | J29: 3 | K29: קצה המשטח ×2, קפל ×1 | L29: =IF(OR(E29="",H29=""),"",H29-E29) -> 0 | M29: =IF(OR(H29="",I29=""),"",H29-I29) -> 11 | N29: =IF(OR(M29="",H29=""),"",IFERROR(M29/H29,"")) -> 0.78571429 | O29: =IF(OR(M29="",E29=""),"",IFERROR(M29/E29,"")) -> 0.78571429
A30: P25 | B30: WhatsApp Image 2026-09-01 at 12.48.26 (23).jpeg | C30: damaged | D30: פתח | E30: 14 | F30: 0 | H30: 13 | I30: 2 | J30: 3 | K30: קצה המשטח ×1, קפל ×1 | L30: =IF(OR(E30="",H30=""),"",H30-E30) -> -1 | M30: =IF(OR(H30="",I30=""),"",H30-I30) -> 11 | N30: =IF(OR(M30="",H30=""),"",IFERROR(M30/H30,"")) -> 0.84615385 | O30: =IF(OR(M30="",E30=""),"",IFERROR(M30/E30,"")) -> 0.78571429
A31: P26 | B31: WhatsApp Image 2026-09-01 at 12.48.26 (6).jpeg | C31: damaged | D31: פתח | E31: 11 | F31: 0 | H31: 8 | I31: 0 | J31: 3 | L31: =IF(OR(E31="",H31=""),"",H31-E31) -> -3 | M31: =IF(OR(H31="",I31=""),"",H31-I31) -> 8 | N31: =IF(OR(M31="",H31=""),"",IFERROR(M31/H31,"")) -> 1 | O31: =IF(OR(M31="",E31=""),"",IFERROR(M31/E31,"")) -> 0.72727273
A32: סה"כ | E32: =IF(COUNT(E6:E31)=0,"",SUM(E6:E31)) -> 328 | F32: =IF(COUNT(F6:F31)=0,"",SUM(F6:F31)) -> 12 | H32: =IF(COUNT(H6:H31)=0,"",SUM(H6:H31)) -> 333 | I32: =IF(COUNT(I6:I31)=0,"",SUM(I6:I31)) -> 39 | J32: =IF(COUNT(J6:J31)=0,"",SUM(J6:J31)) -> 34 | L32: =IF(OR(E32="",H32=""),"",H32-E32) -> 5 | M32: =IF(COUNT(M6:M31)=0,"",SUM(M6:M31)) -> 294 | N32: =IF(OR(M32="",H32=""),"",IFERROR(M32/H32,"")) -> 0.88288288 | O32: =IF(OR(M32="",E32=""),"",IFERROR(M32/E32,"")) -> 0.89634146

Sheet Summary
A1: סיכום לפי קטגוריה (מתעדכן אוטומטית מגיליון Photos)
A3: קטגוריה | B3: תמונות | C3: מטבעות אמיתיים | D3: המכונה ספרה | E3: זיהויים נכונים (TP) | F3: זיהויים שגויים (FP) | G3: פספוסים (FN) | H3: Precision | I3: Recall | J3: תמונות עם ספירה מדויקת
A4: clean | B4: =COUNTIFS(Photos!$C$6:$C$31,$A4) -> 8 | C4: =SUMIFS(Photos!$E$6:$E$31,Photos!$C$6:$C$31,$A4) -> 98 | D4: =SUMIFS(Photos!$H$6:$H$31,Photos!$C$6:$C$31,$A4) -> 99 | E4: =SUMIFS(Photos!$M$6:$M$31,Photos!$C$6:$C$31,$A4) -> 98 | F4: =SUMIFS(Photos!$I$6:$I$31,Photos!$C$6:$C$31,$A4) -> 1 | G4: =SUMIFS(Photos!$J$6:$J$31,Photos!$C$6:$C$31,$A4) -> 0 | H4: =IF(D4=0,"",E4/D4) -> 0.98989899 | I4: =IF(C4=0,"",E4/C4) -> 1 | J4: =COUNTIFS(Photos!$C$6:$C$31,$A4,Photos!$L$6:$L$31,0) -> 7
A5: noisy | B5: =COUNTIFS(Photos!$C$6:$C$31,$A5) -> 10 | C5: =SUMIFS(Photos!$E$6:$E$31,Photos!$C$6:$C$31,$A5) -> 127 | D5: =SUMIFS(Photos!$H$6:$H$31,Photos!$C$6:$C$31,$A5) -> 142 | E5: =SUMIFS(Photos!$M$6:$M$31,Photos!$C$6:$C$31,$A5) -> 116 | F5: =SUMIFS(Photos!$I$6:$I$31,Photos!$C$6:$C$31,$A5) -> 26 | G5: =SUMIFS(Photos!$J$6:$J$31,Photos!$C$6:$C$31,$A5) -> 11 | H5: =IF(D5=0,"",E5/D5) -> 0.81690141 | I5: =IF(C5=0,"",E5/C5) -> 0.91338583 | J5: =COUNTIFS(Photos!$C$6:$C$31,$A5,Photos!$L$6:$L$31,0) -> 3
A6: damaged | B6: =COUNTIFS(Photos!$C$6:$C$31,$A6) -> 8 | C6: =SUMIFS(Photos!$E$6:$E$31,Photos!$C$6:$C$31,$A6) -> 103 | D6: =SUMIFS(Photos!$H$6:$H$31,Photos!$C$6:$C$31,$A6) -> 92 | E6: =SUMIFS(Photos!$M$6:$M$31,Photos!$C$6:$C$31,$A6) -> 80 | F6: =SUMIFS(Photos!$I$6:$I$31,Photos!$C$6:$C$31,$A6) -> 12 | G6: =SUMIFS(Photos!$J$6:$J$31,Photos!$C$6:$C$31,$A6) -> 23 | H6: =IF(D6=0,"",E6/D6) -> 0.86956522 | I6: =IF(C6=0,"",E6/C6) -> 0.77669903 | J6: =COUNTIFS(Photos!$C$6:$C$31,$A6,Photos!$L$6:$L$31,0) -> 2
A7: הכל | B7: =COUNTIFS(Photos!$C$6:$C$31,"*") -> 26 | C7: =SUMIFS(Photos!$E$6:$E$31,Photos!$C$6:$C$31,"*") -> 328 | D7: =SUMIFS(Photos!$H$6:$H$31,Photos!$C$6:$C$31,"*") -> 333 | E7: =SUMIFS(Photos!$M$6:$M$31,Photos!$C$6:$C$31,"*") -> 294 | F7: =SUMIFS(Photos!$I$6:$I$31,Photos!$C$6:$C$31,"*") -> 39 | G7: =SUMIFS(Photos!$J$6:$J$31,Photos!$C$6:$C$31,"*") -> 34 | H7: =IF(D7=0,"",E7/D7) -> 0.88288288 | I7: =IF(C7=0,"",E7/C7) -> 0.89634146 | J7: =COUNTIFS(Photos!$C$6:$C$31,"*",Photos!$L$6:$L$31,0) -> 12
A10: Precision: מתוך כל הסימונים של המכונה, כמה היו מטבעות אמיתיים. Recall: מתוך כל המטבעות האמיתיים, כמה המכונה מצאה.

Sheet How to fill
A1: איך ממלאים
A2: 1. בגיליון Photos, לכל שורה: לוחצים על שם הקובץ בעמודה B כדי לפתוח את התמונה המקורית.
A3: 2. ממלאים בעמודות הצהובות: כמה מטבעות יש באמת, וכמה עצמים עגולים שאינם מטבע (כפתורים וכו').
A4: 3. את העמודות האפורות (המכונה) אני ממלא: כמה מטבעות ספרה, ובדיקה של כל עיגול בתמונת התוצאה.
A5: 4. העמודות הכחולות וגיליון Summary מחושבים אוטומטית.
A7: דוגמה לשורה ממולאת (לא חלק מהנתונים)
A8: מזהה | B8: מטבעות אמיתיים | C8: עצמים שאינם מטבע | D8: הערות | E8: המכונה ספרה | F8: FP | G8: FN | H8: סוג השגיאות | I8: טעות | J8: TP
A9: P20 | B9: 14 | C9: 4 | D9: 4 כפתורים בין המטבעות | E9: 17 | F9: 4 | G9: 1 | H9: כפתור ×1, קפל ×2, קצה ×1 | I9: =E9-B9 -> 3 | J9: =E9-F9 -> 13
A11: המספרים בדוגמה להמחשה בלבד.
